{
  "bikes": [
    {
      "id": "1",
      "company": "Honda",
      "model": "CBR 650R",
      "engine": "648.72cc engine , 4-cylinder",
      "mileage": "20 kmpl",
      "price": "₹9,34,816",
      "img": "https://imgd.aeplcdn.com/664x374/n/cw/ec/1/versions/--standard1736946530295.jpg?q=80"
    },
    {
      "img": "https://imgd.aeplcdn.com/664x374/n/cw/ec/1/versions/honda-sp-125-drum1737541224290.jpg?q=80",
      "model": "Shine 125",
      "engine": "124cc engine, Single-cylinder",
      "company": "Honda",
      "price": "₹82,000",
      "mileage": "65 kmpl",
      "id": "3"
    },
    {
      "id": "4",
      "company": "Honda",
      "model": "Hornet 2.0",
      "engine": "184.4cc, Single-cylinder",
      "mileage": "45 kmpl",
      "price": "₹1,39,000",
      "img": "https://imgd.aeplcdn.com/664x374/n/bw/models/colors/honda-select-model-pearl-igneous-black---obd-2-1693228291632.png?q=80"
    },
    {
      "id": "5",
      "company": "Honda",
      "model": "SP 160",
      "engine": "124cc engine, Single-cylinder",
      "mileage": "65 kmpl",
      "price": "₹86,000",
      "img": "https://imgd.aeplcdn.com/664x374/n/bw/models/colors/honda-select-model-pearl-deep-ground-gray-1691992135157.png?q=80"
    },
    {
      "id": "6",
      "company": "Yamaha",
      "model": "R15 V4",
      "engine": "155cc, Single-cylinder",
      "mileage": "45 kmpl",
      "price": "₹1,82,000",
      "img": "https://imgd.aeplcdn.com/664x374/n/bw/models/colors/yamaha-select-model-metallic-red-1704802630538.png?q=80"
    },
    {
      "id": "7",
      "company": "Yamaha",
      "model": "FZ-X",
      "engine": "149cc, Single-cylinder",
      "mileage": "48 kmpl",
      "price": "₹1,39,000",
      "img": "https://imgd.aeplcdn.com/664x374/n/bw/models/colors/yamaha-select-model-matte-black-1704795170909.png?q=80"
    },
    {
      "id": "8",
      "company": "Yamaha",
      "model": "MT 15 V2",
      "engine": "155cc, Single-cylinder",
      "mileage": "47 kmpl",
      "price": "₹1,67,000",
      "img": "https://imgd.aeplcdn.com/664x374/n/bw/models/colors/yamaha-select-model-metallic-black-2023-1680847548270.png?q=80"
    },
    {
      "id": "9",
      "company": "Yamaha",
      "model": "FZ S FI",
      "engine": "149cc, Single-cylinder",
      "mileage": "50 kmpl",
      "price": "₹1,22,000",
      "img": "https://imgd.aeplcdn.com/664x374/n/bw/models/colors/yamaha-select-model-matte-black-1704795170909.png?q=80"
    },
    {
      "id": "10",
      "company": "Yamaha",
      "model": "Ray ZR 125",
      "engine": "125cc, Single-cylinder",
      "mileage": "58 kmpl",
      "price": "₹84,000",
      "img": "https://imgd.aeplcdn.com/664x374/n/bw/models/colors/yamaha-select-model-matte-reddrum-1679658645174.png?q=80"
    },
    {
      "id": "11",
      "company": "KTM",
      "model": "Duke 200",
      "engine": "199.5cc, Single-cylinder",
      "mileage": "35 kmpl",
      "price": "₹1,96,000",
      "img": "https://imgd.aeplcdn.com/664x374/n/cw/ec/1/versions/ktm-duke-200-standard1732631072395.jpg?q=80"
    },
    {
      "id": "12",
      "company": "KTM",
      "model": "Duke 250",
      "engine": "248.8cc, Single-cylinder",
      "mileage": "30 kmpl",
      "price": "₹2,39,000",
      "img": "https://imgd.aeplcdn.com/664x374/n/cw/ec/1/versions/ktm-duke-200-standard1732631072395.jpg?q=80"
    },
    {
      "id": "13",
      "company": "KTM",
      "model": "RC 125",
      "engine": "124.7cc, Single-cylinder",
      "mileage": "40 kmpl",
      "price": "₹1,90,000",
      "img": "https://imgd.aeplcdn.com/664x374/n/bw/models/colors/ktm-select-model-black-1709625398294.png?q=80"
    },
    {
      "id": "14",
      "company": "KTM",
      "model": "RC 200",
      "engine": "199.5cc, Single-cylinder",
      "mileage": "35 kmpl",
      "price": "₹2,14,000",
      "img": "https://imgd.aeplcdn.com/664x374/n/cw/ec/146607/rc-200-right-front-three-quarter.png?isig=0&q=80"
    },
    {
      "id": "15",
      "company": "KTM",
      "model": "Duke 390",
      "engine": "373.2cc, Single-cylinder",
      "mileage": "28 kmpl",
      "price": "₹3,10,520",
      "img": "https://imgd.aeplcdn.com/664x374/n/cw/ec/1/versions/--standard-obd-2b1741772118539.jpg?q=80"
    },
    {
      "id": "16",
      "company": "Royal Enfield",
      "model": "Classic 350",
      "engine": "349cc, Single-cylinder",
      "mileage": "35 kmpl",
      "price": "₹1,93,080",
      "img": "https://imgd.aeplcdn.com/1056x594/n/o1arleb_1768261.jpg?q=80&wm=3"
    },
    {
      "id": "17",
      "company": "Royal Enfield",
      "model": "Hunter 350",
      "engine": "349cc, Single-cylinder",
      "mileage": "36 kmpl",
      "price": "₹1,50,000",
      "img": "https://imgd.aeplcdn.com/664x374/n/cw/ec/1/versions/royalenfield-hunter-350-retro-factory1727790756803.jpg?q=80"
    },
    {
      "id": "18",
      "company": "Royal Enfield",
      "model": "Meteor 350",
      "engine": "349cc, Single-cylinder",
      "mileage": "41 kmpl",
      "price": "₹2,05,000",
      "img": "https://imgd.aeplcdn.com/664x374/n/cw/ec/51245/meteor-350-right-side-view-10.png?isig=0&q=80"
    },
    {
      "id": "19",
      "company": "Royal Enfield",
      "model": "Bullet 350",
      "engine": "346cc, Single-cylinder",
      "mileage": "38 kmpl",
      "price": "₹1,73,000",
      "img": "https://imgd.aeplcdn.com/664x374/n/cw/ec/1/versions/royalenfield-bullet-base1740992337934.jpg?q=80"
    },
    {
      "id": "20",
      "company": "Royal Enfield",
      "model": "Himalayan",
      "engine": "411cc, Single-cylinder",
      "mileage": "30 kmpl",
      "price": "₹2,15,000",
      "img": "https://imgd.aeplcdn.com/664x374/n/bw/models/colors/royal-enfield-select-model-kaza-brown-1698908621684.png?q=80"
    },
    {
      "img": "https://imgd.aeplcdn.com/664x374/n/cw/ec/1/versions/tvs-apache-160-rm-drum-black-edition1732629216165.jpg?q=80",
      "model": "Apache RTR 160",
      "engine": "159.7cc, Single-cylinder",
      "company": "TVS",
      "price": "₹1,19,000",
      "mileage": "45 kmpl",
      "id": "21"
    },
    {
      "id": "22",
      "company": "TVS",
      "model": "Apache RTR 200",
      "engine": "197.75cc, Single-cylinder",
      "mileage": "40 kmpl",
      "price": "₹1,45,000",
      "img": "https://imgd.aeplcdn.com/664x374/n/cw/ec/1/versions/tvs-apache-160-rm-drum-black-edition1732629216165.jpg?q=80"
    },
    {
      "id": "23",
      "company": "TVS",
      "model": "Raider 125",
      "engine": "124.8cc, Single-cylinder",
      "mileage": "67 kmpl",
      "price": "₹95,000",
      "img": "https://imgd.aeplcdn.com/664x374/n/cw/ec/1/versions/tvs-raider-125-drum1741766352464.jpg?q=80"
    },
    {
      "id": "24",
      "company": "TVS",
      "model": "Sport 100",
      "engine": "99.7cc , Single-cylinder",
      "mileage": "75 kmpl",
      "price": "₹66,000",
      "img": "https://imgd.aeplcdn.com/664x374/n/cw/ec/1/versions/tvs-sport-self-start-es-alloy-wheels1727099527455.jpg?q=80"
    },
    {
      "id": "25",
      "company": "TVS",
      "model": "Star City Plus",
      "engine": "109.7cc, Single-cylinder",
      "mileage": "70 kmpl",
      "price": "₹76,000",
      "img": "https://imgd.aeplcdn.com/664x374/n/cw/ec/113179/star-city-right-side-view-2.png?isig=0&q=80"
    }
  ]
}